Country Name,Country Code,Indicator Name,Indicator Code,Attribute,1920,1920Q1,1920Q2,1920Q3,1920Q4,1921,1921Q1,1921Q2,1921Q3,1921Q4,1922,1922Q1,1922Q2,1922Q3,1922Q4,1923,1923Q1,1923Q2,1923Q3,1923Q4,1924,1924Q1,1924Q2,1924Q3,1924Q4,1925,1925Q1,1925Q2,1925Q3,1925Q4,1926,1926Q1,1926Q2,1926Q3,1926Q4,1927,1927Q1,1927Q2,1927Q3,1927Q4,1928,1928Q1,1928Q2,1928Q3,1928Q4,1929,1929Q1,1929Q2,1929Q3,1929Q4,1930,1930Q1,1930Q2,1930Q3,1930Q4,1931,1931Q1,1931Q2,1931Q3,1931Q4,1932,1932Q1,1932Q2,1932Q3,1932Q4,1933,1933Q1,1933Q2,1933Q3,1933Q4,1934,1934Q1,1934Q2,1934Q3,1934Q4,1935,1935Q1,1935Q2,1935Q3,1935Q4,1936,1936Q1,1936Q2,1936Q3,1936Q4,1937,1937Q1,1937Q2,1937Q3,1937Q4,1938,1938Q1,1938Q2,1938Q3,1938Q4,1939,1939Q1,1939Q2,1939Q3,1939Q4,1940,1940Q1,1940M1,1940M2,1940M3,1940Q2,1940M4,1940M5,1940M6,1940Q3,1940M7,1940M8,1940M9,1940Q4,1940M10,1940M11,1940M12,1941,1941Q1,1941M1,1941M2,1941M3,1941Q2,1941M4,1941M5,1941M6,1941Q3,1941M7,1941M8,1941M9,1941Q4,1941M10,1941M11,1941M12,1942,1942Q1,1942M1,1942M2,1942M3,1942Q2,1942M4,1942M5,1942M6,1942Q3,1942M7,1942M8,1942M9,1942Q4,1942M10,1942M11,1942M12,1943,1943Q1,1943M1,1943M2,1943M3,1943Q2,1943M4,1943M5,1943M6,1943Q3,1943M7,1943M8,1943M9,1943Q4,1943M10,1943M11,1943M12,1944,1944Q1,1944M1,1944M2,1944M3,1944Q2,1944M4,1944M5,1944M6,1944Q3,1944M7,1944M8,1944M9,1944Q4,1944M10,1944M11,1944M12,1945,1945Q1,1945M1,1945M2,1945M3,1945Q2,1945M4,1945M5,1945M6,1945Q3,1945M7,1945M8,1945M9,1945Q4,1945M10,1945M11,1945M12,1946,1946Q1,1946M1,1946M2,1946M3,1946Q2,1946M4,1946M5,1946M6,1946Q3,1946M7,1946M8,1946M9,1946Q4,1946M10,1946M11,1946M12,1947,1947Q1,1947M1,1947M2,1947M3,1947Q2,1947M4,1947M5,1947M6,1947Q3,1947M7,1947M8,1947M9,1947Q4,1947M10,1947M11,1947M12,1948,1948Q1,1948M1,1948M2,1948M3,1948Q2,1948M4,1948M5,1948M6,1948Q3,1948M7,1948M8,1948M9,1948Q4,1948M10,1948M11,1948M12,1949,1949Q1,1949M1,1949M2,1949M3,1949Q2,1949M4,1949M5,1949M6,1949Q3,1949M7,1949M8,1949M9,1949Q4,1949M10,1949M11,1949M12,1950,1950Q1,1950M1,1950M2,1950M3,1950Q2,1950M4,1950M5,1950M6,1950Q3,1950M7,1950M8,1950M9,1950Q4,1950M10,1950M11,1950M12,1951,1951Q1,1951M1,1951M2,1951M3,1951Q2,1951M4,1951M5,1951M6,1951Q3,1951M7,1951M8,1951M9,1951Q4,1951M10,1951M11,1951M12,1952,1952Q1,1952M1,1952M2,1952M3,1952Q2,1952M4,1952M5,1952M6,1952Q3,1952M7,1952M8,1952M9,1952Q4,1952M10,1952M11,1952M12,1953,1953Q1,1953M1,1953M2,1953M3,1953Q2,1953M4,1953M5,1953M6,1953Q3,1953M7,1953M8,1953M9,1953Q4,1953M10,1953M11,1953M12,1954,1954Q1,1954M1,1954M2,1954M3,1954Q2,1954M4,1954M5,1954M6,1954Q3,1954M7,1954M8,1954M9,1954Q4,1954M10,1954M11,1954M12,1955,1955Q1,1955M1,1955M2,1955M3,1955Q2,1955M4,1955M5,1955M6,1955Q3,1955M7,1955M8,1955M9,1955Q4,1955M10,1955M11,1955M12,1956,1956Q1,1956M1,1956M2,1956M3,1956Q2,1956M4,1956M5,1956M6,1956Q3,1956M7,1956M8,1956M9,1956Q4,1956M10,1956M11,1956M12,1957,1957Q1,1957M1,1957M2,1957M3,1957Q2,1957M4,1957M5,1957M6,1957Q3,1957M7,1957M8,1957M9,1957Q4,1957M10,1957M11,1957M12,1958,1958Q1,1958M1,1958M2,1958M3,1958Q2,1958M4,1958M5,1958M6,1958Q3,1958M7,1958M8,1958M9,1958Q4,1958M10,1958M11,1958M12,1959,1959Q1,1959M1,1959M2,1959M3,1959Q2,1959M4,1959M5,1959M6,1959Q3,1959M7,1959M8,1959M9,1959Q4,1959M10,1959M11,1959M12,1960,1960Q1,1960M1,1960M2,1960M3,1960Q2,1960M4,1960M5,1960M6,1960Q3,1960M7,1960M8,1960M9,1960Q4,1960M10,1960M11,1960M12,1961,1961Q1,1961M1,1961M2,1961M3,1961Q2,1961M4,1961M5,1961M6,1961Q3,1961M7,1961M8,1961M9,1961Q4,1961M10,1961M11,1961M12,1962,1962Q1,1962M1,1962M2,1962M3,1962Q2,1962M4,1962M5,1962M6,1962Q3,1962M7,1962M8,1962M9,1962Q4,1962M10,1962M11,1962M12,1963,1963Q1,1963M1,1963M2,1963M3,1963Q2,1963M4,1963M5,1963M6,1963Q3,1963M7,1963M8,1963M9,1963Q4,1963M10,1963M11,1963M12,1964,1964Q1,1964M1,1964M2,1964M3,1964Q2,1964M4,1964M5,1964M6,1964Q3,1964M7,1964M8,1964M9,1964Q4,1964M10,1964M11,1964M12,1965,1965Q1,1965M1,1965M2,1965M3,1965Q2,1965M4,1965M5,1965M6,1965Q3,1965M7,1965M8,1965M9,1965Q4,1965M10,1965M11,1965M12,1966,1966Q1,1966M1,1966M2,1966M3,1966Q2,1966M4,1966M5,1966M6,1966Q3,1966M7,1966M8,1966M9,1966Q4,1966M10,1966M11,1966M12,1967,1967Q1,1967M1,1967M2,1967M3,1967Q2,1967M4,1967M5,1967M6,1967Q3,1967M7,1967M8,1967M9,1967Q4,1967M10,1967M11,1967M12,1968,1968Q1,1968M1,1968M2,1968M3,1968Q2,1968M4,1968M5,1968M6,1968Q3,1968M7,1968M8,1968M9,1968Q4,1968M10,1968M11,1968M12,1969,1969Q1,1969M1,1969M2,1969M3,1969Q2,1969M4,1969M5,1969M6,1969Q3,1969M7,1969M8,1969M9,1969Q4,1969M10,1969M11,1969M12,1970,1970Q1,1970M1,1970M2,1970M3,1970Q2,1970M4,1970M5,1970M6,1970Q3,1970M7,1970M8,1970M9,1970Q4,1970M10,1970M11,1970M12,1971,1971Q1,1971M1,1971M2,1971M3,1971Q2,1971M4,1971M5,1971M6,1971Q3,1971M7,1971M8,1971M9,1971Q4,1971M10,1971M11,1971M12,1972,1972Q1,1972M1,1972M2,1972M3,1972Q2,1972M4,1972M5,1972M6,1972Q3,1972M7,1972M8,1972M9,1972Q4,1972M10,1972M11,1972M12,1973,1973Q1,1973M1,1973M2,1973M3,1973Q2,1973M4,1973M5,1973M6,1973Q3,1973M7,1973M8,1973M9,1973Q4,1973M10,1973M11,1973M12,1974,1974Q1,1974M1,1974M2,1974M3,1974Q2,1974M4,1974M5,1974M6,1974Q3,1974M7,1974M8,1974M9,1974Q4,1974M10,1974M11,1974M12,1975,1975Q1,1975M1,1975M2,1975M3,1975Q2,1975M4,1975M5,1975M6,1975Q3,1975M7,1975M8,1975M9,1975Q4,1975M10,1975M11,1975M12,1976,1976Q1,1976M1,1976M2,1976M3,1976Q2,1976M4,1976M5,1976M6,1976Q3,1976M7,1976M8,1976M9,1976Q4,1976M10,1976M11,1976M12,1977,1977Q1,1977M1,1977M2,1977M3,1977Q2,1977M4,1977M5,1977M6,1977Q3,1977M7,1977M8,1977M9,1977Q4,1977M10,1977M11,1977M12,1978,1978Q1,1978M1,1978M2,1978M3,1978Q2,1978M4,1978M5,1978M6,1978Q3,1978M7,1978M8,1978M9,1978Q4,1978M10,1978M11,1978M12,1979,1979Q1,1979M1,1979M2,1979M3,1979Q2,1979M4,1979M5,1979M6,1979Q3,1979M7,1979M8,1979M9,1979Q4,1979M10,1979M11,1979M12,1980,1980Q1,1980M1,1980M2,1980M3,1980Q2,1980M4,1980M5,1980M6,1980Q3,1980M7,1980M8,1980M9,1980Q4,1980M10,1980M11,1980M12,1981,1981Q1,1981M1,1981M2,1981M3,1981Q2,1981M4,1981M5,1981M6,1981Q3,1981M7,1981M8,1981M9,1981Q4,1981M10,1981M11,1981M12,1982,1982Q1,1982M1,1982M2,1982M3,1982Q2,1982M4,1982M5,1982M6,1982Q3,1982M7,1982M8,1982M9,1982Q4,1982M10,1982M11,1982M12,1983,1983Q1,1983M1,1983M2,1983M3,1983Q2,1983M4,1983M5,1983M6,1983Q3,1983M7,1983M8,1983M9,1983Q4,1983M10,1983M11,1983M12,1984,1984Q1,1984M1,1984M2,1984M3,1984Q2,1984M4,1984M5,1984M6,1984Q3,1984M7,1984M8,1984M9,1984Q4,1984M10,1984M11,1984M12,1985,1985Q1,1985M1,1985M2,1985M3,1985Q2,1985M4,1985M5,1985M6,1985Q3,1985M7,1985M8,1985M9,1985Q4,1985M10,1985M11,1985M12,1986,1986Q1,1986M1,1986M2,1986M3,1986Q2,1986M4,1986M5,1986M6,1986Q3,1986M7,1986M8,1986M9,1986Q4,1986M10,1986M11,1986M12,1987,1987Q1,1987M1,1987M2,1987M3,1987Q2,1987M4,1987M5,1987M6,1987Q3,1987M7,1987M8,1987M9,1987Q4,1987M10,1987M11,1987M12,1988,1988Q1,1988M1,1988M2,1988M3,1988Q2,1988M4,1988M5,1988M6,1988Q3,1988M7,1988M8,1988M9,1988Q4,1988M10,1988M11,1988M12,1989,1989Q1,1989M1,1989M2,1989M3,1989Q2,1989M4,1989M5,1989M6,1989Q3,1989M7,1989M8,1989M9,1989Q4,1989M10,1989M11,1989M12,1990,1990Q1,1990M1,1990M2,1990M3,1990Q2,1990M4,1990M5,1990M6,1990Q3,1990M7,1990M8,1990M9,1990Q4,1990M10,1990M11,1990M12,1991,1991Q1,1991M1,1991M2,1991M3,1991Q2,1991M4,1991M5,1991M6,1991Q3,1991M7,1991M8,1991M9,1991Q4,1991M10,1991M11,1991M12,1992,1992Q1,1992M1,1992M2,1992M3,1992Q2,1992M4,1992M5,1992M6,1992Q3,1992M7,1992M8,1992M9,1992Q4,1992M10,1992M11,1992M12,1993,1993Q1,1993M1,1993M2,1993M3,1993Q2,1993M4,1993M5,1993M6,1993Q3,1993M7,1993M8,1993M9,1993Q4,1993M10,1993M11,1993M12,1994,1994Q1,1994M1,1994M2,1994M3,1994Q2,1994M4,1994M5,1994M6,1994Q3,1994M7,1994M8,1994M9,1994Q4,1994M10,1994M11,1994M12,1995,1995Q1,1995M1,1995M2,1995M3,1995Q2,1995M4,1995M5,1995M6,1995Q3,1995M7,1995M8,1995M9,1995Q4,1995M10,1995M11,1995M12,1996,1996Q1,1996M1,1996M2,1996M3,1996Q2,1996M4,1996M5,1996M6,1996Q3,1996M7,1996M8,1996M9,1996Q4,1996M10,1996M11,1996M12,1997,1997Q1,1997M1,1997M2,1997M3,1997Q2,1997M4,1997M5,1997M6,1997Q3,1997M7,1997M8,1997M9,1997Q4,1997M10,1997M11,1997M12,1998,1998Q1,1998M1,1998M2,1998M3,1998Q2,1998M4,1998M5,1998M6,1998Q3,1998M7,1998M8,1998M9,1998Q4,1998M10,1998M11,1998M12,1999,1999Q1,1999M1,1999M2,1999M3,1999Q2,1999M4,1999M5,1999M6,1999Q3,1999M7,1999M8,1999M9,1999Q4,1999M10,1999M11,1999M12,2000,2000Q1,2000M1,2000M2,2000M3,2000Q2,2000M4,2000M5,2000M6,2000Q3,2000M7,2000M8,2000M9,2000Q4,2000M10,2000M11,2000M12,2001,2001Q1,2001M1,2001M2,2001M3,2001Q2,2001M4,2001M5,2001M6,2001Q3,2001M7,2001M8,2001M9,2001Q4,2001M10,2001M11,2001M12,2002,2002Q1,2002M1,2002M2,2002M3,2002Q2,2002M4,2002M5,2002M6,2002Q3,2002M7,2002M8,2002M9,2002Q4,2002M10,2002M11,2002M12,2003,2003Q1,2003M1,2003M2,2003M3,2003Q2,2003M4,2003M5,2003M6,2003Q3,2003M7,2003M8,2003M9,2003Q4,2003M10,2003M11,2003M12,2004,2004Q1,2004M1,2004M2,2004M3,2004Q2,2004M4,2004M5,2004M6,2004Q3,2004M7,2004M8,2004M9,2004Q4,2004M10,2004M11,2004M12,2005,2005Q1,2005M1,2005M2,2005M3,2005Q2,2005M4,2005M5,2005M6,2005Q3,2005M7,2005M8,2005M9,2005Q4,2005M10,2005M11,2005M12,2006,2006Q1,2006M1,2006M2,2006M3,2006Q2,2006M4,2006M5,2006M6,2006Q3,2006M7,2006M8,2006M9,2006Q4,2006M10,2006M11,2006M12,2007,2007Q1,2007M1,2007M2,2007M3,2007Q2,2007M4,2007M5,2007M6,2007Q3,2007M7,2007M8,2007M9,2007Q4,2007M10,2007M11,2007M12,2008,2008Q1,2008M1,2008M2,2008M3,2008Q2,2008M4,2008M5,2008M6,2008Q3,2008M7,2008M8,2008M9,2008Q4,2008M10,2008M11,2008M12,2009,2009Q1,2009M1,2009M2,2009M3,2009Q2,2009M4,2009M5,2009M6,2009Q3,2009M7,2009M8,2009M9,2009Q4,2009M10,2009M11,2009M12,2010,2010Q1,2010M1,2010M2,2010M3,2010Q2,2010M4,2010M5,2010M6,2010Q3,2010M7,2010M8,2010M9,2010Q4,2010M10,2010M11,2010M12,2011,2011Q1,2011M1,2011M2,2011M3,2011Q2,2011M4,2011M5,2011M6,2011Q3,2011M7,2011M8,2011M9,2011Q4,2011M10,2011M11,2011M12,2012,2012Q1,2012M1,2012M2,2012M3,2012Q2,2012M4,2012M5,2012M6,2012Q3,2012M7,2012M8,2012M9,2012Q4,2012M10,2012M11,2012M12,2013,2013Q1,2013M1,2013M2,2013M3,2013Q2,2013M4,2013M5,2013M6,2013Q3,2013M7,2013M8,2013M9,2013Q4,2013M10,2013M11,2013M12,2014,2014Q1,2014M1,2014M2,2014M3,2014Q2,2014M4,2014M5,2014M6,2014Q3,2014M7,2014M8,2014M9,2014Q4,2014M10,2014M11,2014M12,2015,2015Q1,2015M1,2015M2,2015M3,2015Q2,2015M4,2015M5,2015M6,2015Q3,2015M7,2015M8,2015M9,2015Q4,2015M10,2015M11,2015M12,2016,2016Q1,2016M1,2016M2,2016M3,2016Q2,2016M4,2016M5,2016M6,2016Q3,2016M7,2016M8,2016M9,2016Q4,2016M10,2016M11,2016M12,2017,2017Q1,2017M1,2017M2,2017M3,2017Q2,2017M4,2017M5,2017M6,2017Q3,2017M7,2017M8,2017M9,2017Q4,2017M10,2017M11,2017M12,2018,2018Q1,2018M1,2018M2,2018M3,2018Q2,2018M4,2018M5,2018M6,2018Q3,2018M7,2018M8,2018M9,2018Q4,2018M10,2018M11,2018M12,2019,2019Q1,2019M1,2019M2,2019M3,2019Q2,2019M4,2019M5,2019M6,2019Q3,2019M7,2019M8,2019M9,2019Q4,2019M10,2019M11,2019M12,2020,2020Q1,2020M1,2020M2,2020M3,2020Q2,2020M4,2020M5,2020M6,2020Q3,2020M7,2020M8,2020M9,2020Q4,2020M10,2020M11,2020M12,2021,2021Q1,2021M1,2021M2,2021M3,2021Q2,2021M4,2021M5,Base Year
"Afghanistan, Islamic Rep. of",512,"Fund Accounts, UFC & Loans, SDRs",HPU_XDR,Value,,,,,,,,,,,,,,,,,,,,,,,,,,,,,,,,,,,,,,,,,,,,,,,,,,,,,,,,,,,,,,,,,,,,,,,,,,,,,,,,,,,,,,,,,,,,,,,,,,,,,,,,,,,,,,,,,,,,,,,,,,,,,,,,,,,,,,,,,,,,,,,,,,,,,,,,,,,,,,,,,,,,,,,,,,,,,,,,,,,,,,,,,,0,,,,,,,,,,,,,,,,,0,,,,,,,,,,,,,,,,,0,,,,,,,,,,,,,,,,,0,,,,,,,,,,,,,,,,,0,,,,,,,,,,,,,,,,,0,,,,,,,,,,,,,,,,,0,,,,,,,,,,,,,,,,,0,,,,,,,,,,,,,,,,,0,,,,,,,,,,,,,,,,,0,,,,,,,,,,,,,,,,,0,,,,,,,,,,,,,,,,,0,,,,,,,,,,,,,,,,,0,,,,,,,,,,,,,,,,,0,,,,,,,,,,,,,,,,,0,,,,,,,,,,,,,,,,,0,,,,,,,,,,,,,,,,,0,,,,,,,,,,,,,,,,,0,,,,,,,,,,,,,,,,,0,,,,,,,,,,,,,,,,,5620000,,,,,,,,,,,,,,,,,7300000,,,,,,,,,,,,,,,,,10380000,,,,,,,,,,,,,,,,,11220000,,,,,,,,,,,,,,,,,12280000,,,,,,,,,,,,,,,,,17100000,,,,,,,,,,,,,,,,,14530000,,,,,,,,,,,,,,,,,10130000,,,,,,,,,,,,,,,,,5730000,,,,,,,,,,,,,,,,,7230000,,,,,,,,,,,,,,,,,4740000,,,,,,,,,,,,,,,,,9240000,,,,,,,,,,,,,,,,,1750000,,,,,,,,,,,,,,,,,0,,,,,,,,,,,,,,,,,0,,,,,,,,,,,,,,,,,0,,,,,,,,,,,,,,,,,0,,,,,,,,,,,,,,,,,0,,,,,,,,,,,,,,,,,0,,,,,,,,,,,,,,,,,0,,,,,,,,,,,,,,,,,0,,,,,,,,,,,,,,,,,0,,,,,,,,,,,,,,,,,0,,,,,,,,,,,,,,,,,0,,,,,,,,,,,,,,,,,0,,,,,,,,,,,,,,,,,0,,,,,,,,,,,,,,,,,0,,,,,,,,,,,,,,,,,0,,,,,,,,,,,,,,,,,0,,,,,,,,,,,,,,,,,0,,,,,,,,,,,,,,,,,0,,,,,,,,,,,,,,,,,0,,,,,,,,,,,,,,,,,0,,,,,,,,,,,,,,,,,0,,,,,,,,,,,,,,,,,0,,,,,,,,,,,,,,,,,0,,,,,,,,,,,,,,,,,0,,,,,,,,,,,,,,,,,0,,,,,,,,,,,,,,,,,0,,,,,,,,,,,,,,,,,0,,,,,,,,,,,,,,,,,0,,,,,,,,,,,,,,,,,0,,,,,,,,,,,,,,,,,0,,,,,,,,,,,,,,,,,35800000,,,,,,,,,,,,,,,,,58400000,,,,,,,,,,,,,,,,,69700000,,,,,,,,,,,,,,,,,75350000,,,,,,,,,,,,,,,,,87350000,,,,,,,,,,,,,,,,,96900000,,,,,,,,,,,,,,,,,88610000,,,,,,,,,,,,,,,,,75800000,,,,,,,,,,,,,,,,,61295000,,,,,,,,,,,,,,,,,50725000,,,,,,,,,,,,,,,,,44705000,,,,,,,,,,,,,,,,,42125000,,,,,,,,,,,,,,,,,44945000,,,,,,,,,,,,,,,,,281230000,,,,,,,,,,,,,,,,,,,,,,,,,
"Afghanistan, Islamic Rep. of",512,"Fund Accounts, UFC & Loans, SDRs",HPU_XDR,Value,,,,,,,,,,,,,,,,,,,,,,,,,,,,,,,,,,,,,,,,,,,,,,,,,,,,,,,,,,,,,,,,,,,,,,,,,,,,,,,,,,,,,,,,,,,,,,,,,,,,,,,,,,,,,,,,,,,,,,,,,,,,,,,,,,,,,,,,,,,,,,,,,,,,,,,,,,,,,,,,,,,,,,,,,,,,,,,,,,,,,,,,,,,0,,,,0,,,,0,,,,0,,,,,0,,,,0,,,,0,,,,0,,,,,0,,,,0,,,,0,,,,0,,,,,0,,,,0,,,,0,,,,0,,,,,0,,,,0,,,,0,,,,0,,,,,0,,,,0,,,,0,,,,0,,,,,0,,,,0,,,,0,,,,0,,,,,0,,,,0,,,,0,,,,0,,,,,0,,,,0,,,,0,,,,0,,,,,0,,,,0,,,,0,,,,0,,,,,0,,,,0,,,,0,,,,0,,,,,0,,,,0,,,,0,,,,0,,,,,0,,,,0,,,,0,,,,0,,,,,0,,,,0,,,,0,,,,0,,,,,0,,,,0,,,,0,,,,0,,,,,0,,,,0,,,,0,,,,0,,,,,0,,,,0,,,,0,,,,0,,,,,0,,,,0,,,,0,,,,0,,,,,0,,,,0,,,,0,,,,0,,,,,0,,,,0,,,,5620000,,,,5620000,,,,,5620000,,,,5620000,,,,7310000,,,,7300000,,,,,7930000,,,,7510000,,,,8380000,,,,10380000,,,,,11270000,,,,13260000,,,,11220000,,,,11220000,,,,,8970000,,,,13760000,,,,13760000,,,,12280000,,,,,16280000,,,,16340000,,,,15100000,,,,17100000,,,,,15850000,,,,17850000,,,,16530000,,,,14530000,,,,,12530000,,,,12530000,,,,10130000,,,,10130000,,,,,7730000,,,,7730000,,,,5730000,,,,5730000,,,,,5730000,,,,3730000,,,,9230000,,,,7230000,,,,,6230000,,,,8740000,,,,6740000,,,,4740000,,,,,2740000,,,,740000,,,,9240000,,,,9240000,,,,,9250000,,,,9250000,,,,1750000,,,,1750000,,,,,0,,,,0,,,,0,,,,0,,,,,0,,,,0,,,,0,,,,0,,,,,0,,,,0,,,,0,,,,0,,,,,0,,,,0,,,,0,,,,0,,,,,0,,,,0,,,,0,,,,0,,,,,0,,,,0,,,,0,,,,0,,,,,0,,,,0,,,,0,,,,0,,,,,0,,,,0,,,,0,,,,0,,,,,0,,,,0,,,,0,,,,0,,,,,0,,,,0,,,,0,,,,0,,,,,0,,,,0,,,,0,,,,0,,,,,0,,,,0,,,,0,,,,0,,,,,0,,,,0,,,,0,,,,0,,,,,0,,,,0,,,,0,,,,0,,,,,0,,,,0,,,,0,,,,0,,,,,0,,,,0,,,,0,,,,0,,,,,0,,,,0,,,,0,,,,0,,,,,0,,,,0,,,,0,,,,0,,,,,0,,,,0,,,,0,,,,0,,,,,0,,,,0,,,,0,,,,0,,,,,0,,,,0,,,,0,,,,0,,,,,0,,,,0,,,,0,,,,0,,,,,0,,,,0,,,,0,,,,0,,,,,0,,,,0,,,,0,,,,0,,,,,0,,,,0,,,,0,,,,0,,,,,0,,,,0,,,,0,,,,0,,,,,0,,,,0,,,,0,,,,0,,,,,0,,,,0,,,,0,,,,0,,,,,0,,,,0,,,,0,,,,0,,,,,0,,,,0,,,,0,,,,0,,,,,24500000,,,,24500000,,,,35800000,,,,35800000,,,,,47100000,,,,47100000,,,,58400000,,,,58400000,,,,,58400000,,,,69700000,,,,69700000,,,,69700000,,,,,75350000,,,,75350000,,,,75350000,,,,75350000,,,,,75350000,,,,75350000,,,,75350000,,,,87350000,,,,,87350000,,,,87350000,,,,96900000,,,,96900000,,,,,93320000,,,,93320000,,,,88610000,,,,88610000,,,,,82770000,,,,82770000,,,,76930000,,,,75800000,,,,,69960000,,,,68830000,,,,62425000,,,,61295000,,,,,54890000,,,,53760000,,,,51855000,,,,50725000,,,,,44320000,,,,46490000,,,,42535000,,,,44705000,,,,,40680000,,,,42850000,,,,39955000,,,,42125000,,,,,40360000,,,,42530000,,,,40765000,,,,44945000,,,,,43180000,,,,202680000,,,,202680000,,,,281230000,,,,,281230000,,,,,,,
"Afghanistan, Islamic Rep. of",512,"Fund Accounts, UFC & Loans, SDRs",HPU_XDR,Value,,,,,,,,,,,,,,,,,,,,,,,,,,,,,,,,,,,,,,,,,,,,,,,,,,,,,,,,,,,,,,,,,,,,,,,,,,,,,,,,,,,,,,,,,,,,,,,,,,,,,,,,,,,,,,,,,,,,,,,,,,,,,,,,,,,,,,,,,,,,,,,,,,,,,,,,,,,,,,,,,,,,,,,,,,,,,,,,,,,,,,,,,,,,0,0,0,,0,0,0,,0,0,0,,0,0,0,,,0,0,0,,0,0,0,,0,0,0,,0,0,0,,,0,0,0,,0,0,0,,0,0,0,,0,0,0,,,0,0,0,,0,0,0,,0,0,0,,0,0,0,,,0,0,0,,0,0,0,,0,0,0,,0,0,0,,,0,0,0,,0,0,0,,0,0,0,,0,0,0,,,0,0,0,,0,0,0,,0,0,0,,0,0,0,,,0,0,0,,0,0,0,,0,0,0,,0,0,0,,,0,0,0,,0,0,0,,0,0,0,,0,0,0,,,0,0,0,,0,0,0,,0,0,0,,0,0,0,,,0,0,0,,0,0,0,,0,0,0,,0,0,0,,,0,0,0,,0,0,0,,0,0,0,,0,0,0,,,0,0,0,,0,0,0,,0,0,0,,0,0,0,,,0,0,0,,0,0,0,,0,0,0,,0,0,0,,,0,0,0,,0,0,0,,0,0,0,,0,0,0,,,0,0,0,,0,0,0,,0,0,0,,0,0,0,,,0,0,0,,0,0,0,,0,0,0,,0,0,0,,,0,0,0,,0,0,0,,0,0,0,,0,0,0,,,0,0,0,,0,0,0,,0,0,0,,0,0,0,,,0,0,0,,0,0,0,,0,5620000,5620000,,5620000,5620000,5620000,,,5620000,5620000,5620000,,5620000,5620000,5620000,,7310000,7310000,7310000,,7310000,7310000,7300000,,,9000000,7380000,7930000,,7930000,9620000,7510000,,7510000,7510000,8380000,,8380000,10380000,10380000,,,10380000,10380000,11270000,,11260000,13260000,13260000,,13260000,11240000,11220000,,11220000,11220000,11220000,,,11220000,11220000,8970000,,8970000,8970000,13760000,,13760000,13760000,13760000,,13760000,12800000,12280000,,,12280000,12280000,16280000,,16280000,16340000,16340000,,16340000,16340000,15100000,,15100000,17100000,17100000,,,17100000,19100000,15850000,,15850000,15850000,17850000,,17850000,17850000,16530000,,16530000,16530000,14530000,,,12530000,12530000,12530000,,12530000,12530000,12530000,,10130000,10130000,10130000,,10130000,10130000,10130000,,,7730000,7730000,7730000,,7730000,7730000,7730000,,7730000,7730000,5730000,,5730000,5730000,5730000,,,5730000,5730000,5730000,,3730000,3730000,3730000,,3730000,9230000,9230000,,9230000,9230000,7230000,,,7230000,7230000,6230000,,6240000,8740000,8740000,,6740000,6740000,6740000,,4740000,4740000,4740000,,,4740000,2740000,2740000,,2740000,2740000,740000,,9240000,9240000,9240000,,9240000,9240000,9240000,,,9240000,9240000,9250000,,9250000,9250000,9250000,,9250000,1750000,1750000,,1750000,1750000,1750000,,,1750000,0,0,,0,0,0,,0,0,0,,0,0,0,,,0,0,0,,0,0,0,,0,0,0,,0,0,0,,,0,0,0,,0,0,0,,0,0,0,,0,0,0,,,0,0,0,,0,0,0,,0,0,0,,0,0,0,,,0,0,0,,0,0,0,,0,0,0,,0,0,0,,,0,0,0,,0,0,0,,0,0,0,,0,0,0,,,0,0,0,,0,0,0,,0,0,0,,0,0,0,,,0,0,0,,0,0,0,,0,0,0,,0,0,0,,,0,0,0,,0,0,0,,0,0,0,,0,0,0,,,0,0,0,,0,0,0,,0,0,0,,0,0,0,,,0,0,0,,0,0,0,,0,0,0,,0,0,0,,,0,0,0,,0,0,0,,0,0,0,,0,0,0,,,0,0,0,,0,0,0,,0,0,0,,0,0,0,,,0,0,0,,0,0,0,,0,0,0,,0,0,0,,,0,0,0,,0,0,0,,0,0,0,,0,0,0,,,0,0,0,,0,0,0,,0,0,0,,0,0,0,,,0,0,0,,0,0,0,,0,0,0,,0,0,0,,,0,0,0,,0,0,0,,0,0,0,,0,0,0,,,0,0,0,,0,0,0,,0,0,0,,0,0,0,,,0,0,0,,0,0,0,,0,0,0,,0,0,0,,,0,0,0,,0,0,0,,0,0,0,,0,0,0,,,0,0,0,,0,0,0,,0,0,0,,0,0,0,,,0,0,0,,0,0,0,,0,0,0,,0,0,0,,,0,0,0,,0,0,0,,0,0,0,,0,0,0,,,0,0,0,,0,0,0,,0,0,0,,0,0,0,,,0,0,0,,0,0,0,,0,0,0,,0,0,0,,,0,0,0,,0,0,0,,0,0,0,,0,0,0,,,0,0,0,,0,0,0,,0,0,0,,0,0,0,,,0,0,0,,0,0,0,,0,0,0,,0,0,0,,,0,0,0,,0,0,0,,0,0,0,,0,0,0,,,13200000,13200000,24500000,,24500000,24500000,24500000,,35800000,35800000,35800000,,35800000,35800000,35800000,,,35800000,47100000,47100000,,47100000,47100000,47100000,,58400000,58400000,58400000,,58400000,58400000,58400000,,,58400000,58400000,58400000,,69700000,69700000,69700000,,69700000,69700000,69700000,,69700000,69700000,69700000,,,75350000,75350000,75350000,,75350000,75350000,75350000,,75350000,75350000,75350000,,75350000,75350000,75350000,,,75350000,75350000,75350000,,75350000,75350000,75350000,,75350000,75350000,75350000,,75350000,87350000,87350000,,,87350000,87350000,87350000,,87350000,87350000,87350000,,98030000,98030000,96900000,,96900000,96900000,96900000,,,94450000,94450000,93320000,,93320000,93320000,93320000,,90870000,89740000,88610000,,88610000,88610000,88610000,,,85030000,83900000,82770000,,82770000,82770000,82770000,,79190000,78060000,76930000,,75800000,75800000,75800000,,,72220000,71090000,69960000,,68830000,68830000,68830000,,64685000,63555000,62425000,,61295000,61295000,61295000,,,57150000,56020000,54890000,,53760000,53760000,53760000,,49615000,52985000,51855000,,50725000,50725000,50725000,,,46580000,45450000,44320000,,43190000,41990000,46490000,,43665000,42535000,42535000,,41405000,40205000,44705000,,,41810000,40680000,40680000,,39550000,38350000,42850000,,39955000,39955000,39955000,,38825000,37625000,42125000,,,40360000,40360000,40360000,,39230000,38030000,42530000,,40765000,40765000,40765000,,40765000,39565000,44945000,,,43180000,43180000,43180000,,40780000,40780000,202680000,,202680000,202680000,202680000,,200280000,200280000,281230000,,,281230000,281230000,281230000,,278830000,,
Advanced Economies,110,"Fund Accounts, Outstanding Loans, SDRs",HPL_XDR,Value,,,,,,,,,,,,,,,,,,,,,,,,,,,,,,,,,,,,,,,,,,,,,,,,,,,,,,,,,,,,,,,,,,,,,,,,,,,,,,,,,,,,,,,,,,,,,,,,,,,,,,,,,,,,,,,,,,,,,,,,,,,,,,,,,,,,,,,,,,,,,,,,,,,,,,,,,,,,,,,,,,,,,,,,,,,,,,,,,,,,,,,,,,0,,,,,,,,,,,,,,,,,0,,,,,,,,,,,,,,,,,0,,,,,,,,,,,,,,,,,0,,,,,,,,,,,,,,,,,0,,,,,,,,,,,,,,,,,0,,,,,,,,,,,,,,,,,0,,,,,,,,,,,,,,,,,0,,,,,,,,,,,,,,,,,0,,,,,,,,,,,,,,,,,0,,,,,,,,,,,,,,,,,0,,,,,,,,,,,,,,,,,0,,,,,,,,,,,,,,,,,0,,,,,,,,,,,,,,,,,0,,,,,,,,,,,,,,,,,0,,,,,,,,,,,,,,,,,0,,,,,,,,,,,,,,,,,0,,,,,,,,,,,,,,,,,0,,,,,,,,,,,,,,,,,0,,,,,,,,,,,,,,,,,0,,,,,,,,,,,,,,,,,0,,,,,,,,,,,,,,,,,0,,,,,,,,,,,,,,,,,0,,,,,,,,,,,,,,,,,0,,,,,,,,,,,,,,,,,0,,,,,,,,,,,,,,,,,0,,,,,,,,,,,,,,,,,0,,,,,,,,,,,,,,,,,0,,,,,,,,,,,,,,,,,0,,,,,,,,,,,,,,,,,6380000,,,,,,,,,,,,,,,,,8100000,,,,,,,,,,,,,,,,,43070000,,,,,,,,,,,,,,,,,43070000,,,,,,,,,,,,,,,,,32920000,,,,,,,,,,,,,,,,,37980000,,,,,,,,,,,,,,,,,30600000,,,,,,,,,,,,,,,,,21620000,,,,,,,,,,,,,,,,,12300000,,,,,,,,,,,,,,,,,5470000,,,,,,,,,,,,,,,,,3170000,,,,,,,,,,,,,,,,,0,,,,,,,,,,,,,,,,,0,,,,,,,,,,,,,,,,,0,,,,,,,,,,,,,,,,,0,,,,,,,,,,,,,,,,,0,,,,,,,,,,,,,,,,,0,,,,,,,,,,,,,,,,,0,,,,,,,,,,,,,,,,,0,,,,,,,,,,,,,,,,,0,,,,,,,,,,,,,,,,,0,,,,,,,,,,,,,,,,,0,,,,,,,,,,,,,,,,,0,,,,,,,,,,,,,,,,,0,,,,,,,,,,,,,,,,,0,,,,,,,,,,,,,,,,,0,,,,,,,,,,,,,,,,,0,,,,,,,,,,,,,,,,,0,,,,,,,,,,,,,,,,,0,,,,,,,,,,,,,,,,,0,,,,,,,,,,,,,,,,,0,,,,,,,,,,,,,,,,,0,,,,,,,,,,,,,,,,,0,,,,,,,,,,,,,,,,,0,,,,,,,,,,,,,,,,,0,,,,,,,,,,,,,,,,,0,,,,,,,,,,,,,,,,,0,,,,,,,,,,,,,,,,,0,,,,,,,,,,,,,,,,,0,,,,,,,,,,,,,,,,,0,,,,,,,,,,,,,,,,,0,,,,,,,,,,,,,,,,,0,,,,,,,,,,,,,,,,,0,,,,,,,,,,,,,,,,,0,,,,,,,,,,,,,,,,,0,,,,,,,,,,,,,,,,,0,,,,,,,,,,,,,,,,,0,,,,,,,,,,,,,,,,,,,,,,,,,
Advanced Economies,110,"Fund Accounts, Outstanding Loans, SDRs",HPL_XDR,Value,,,,,,,,,,,,,,,,,,,,,,,,,,,,,,,,,,,,,,,,,,,,,,,,,,,,,,,,,,,,,,,,,,,,,,,,,,,,,,,,,,,,,,,,,,,,,,,,,,,,,,,,,,,,,,,,,,,,,,,,,,,,,,,,,,,,,,,,,,,,,,,,,,,,,,,,,,,,,,,,,,,,,,,,,,,,,,,,,,,,,,,,,,,0,,,,0,,,,0,,,,0,,,,,0,,,,0,,,,0,,,,0,,,,,0,,,,0,,,,0,,,,0,,,,,0,,,,0,,,,0,,,,0,,,,,0,,,,0,,,,0,,,,0,,,,,0,,,,0,,,,0,,,,0,,,,,0,,,,0,,,,0,,,,0,,,,,0,,,,0,,,,0,,,,0,,,,,0,,,,0,,,,0,,,,0,,,,,0,,,,0,,,,0,,,,0,,,,,0,,,,0,,,,0,,,,0,,,,,0,,,,0,,,,0,,,,0,,,,,0,,,,0,,,,0,,,,0,,,,,0,,,,0,,,,0,,,,0,,,,,0,,,,0,,,,0,,,,0,,,,,0,,,,0,,,,0,,,,0,,,,,0,,,,0,,,,0,,,,0,,,,,0,,,,0,,,,0,,,,0,,,,,0,,,,0,,,,0,,,,0,,,,,0,,,,0,,,,0,,,,0,,,,,0,,,,0,,,,0,,,,0,,,,,0,,,,0,,,,0,,,,0,,,,,0,,,,0,,,,0,,,,0,,,,,0,,,,0,,,,0,,,,0,,,,,0,,,,0,,,,0,,,,0,,,,,0,,,,0,,,,0,,,,0,,,,,0,,,,0,,,,0,,,,0,,,,,0,,,,0,,,,0,,,,0,,,,,0,,,,0,,,,0,,,,0,,,,,0,,,,0,,,,0,,,,6380000,,,,,8100000,,,,8100000,,,,8100000,,,,8100000,,,,,22100000,,,,43070000,,,,43070000,,,,43070000,,,,,43070000,,,,43070000,,,,43070000,,,,43070000,,,,,36170000,,,,42560000,,,,36560000,,,,32920000,,,,,42820000,,,,40320000,,,,40320000,,,,37980000,,,,,37550000,,,,33330000,,,,39940000,,,,30600000,,,,,29590000,,,,25370000,,,,23500000,,,,21620000,,,,,20130000,,,,17520000,,,,14910000,,,,12300000,,,,,9680000,,,,7950000,,,,6710000,,,,5470000,,,,,4240000,,,,4240000,,,,4240000,,,,3170000,,,,,2110000,,,,1050000,,,,0,,,,0,,,,,0,,,,0,,,,0,,,,0,,,,,0,,,,0,,,,0,,,,0,,,,,0,,,,0,,,,0,,,,0,,,,,0,,,,0,,,,0,,,,0,,,,,0,,,,0,,,,0,,,,0,,,,,0,,,,0,,,,0,,,,0,,,,,0,,,,0,,,,0,,,,0,,,,,0,,,,0,,,,0,,,,0,,,,,0,,,,0,,,,0,,,,0,,,,,0,,,,0,,,,0,,,,0,,,,,0,,,,0,,,,0,,,,0,,,,,0,,,,0,,,,0,,,,0,,,,,0,,,,0,,,,0,,,,0,,,,,0,,,,0,,,,0,,,,0,,,,,0,,,,0,,,,0,,,,0,,,,,0,,,,0,,,,0,,,,0,,,,,0,,,,0,,,,0,,,,0,,,,,0,,,,0,,,,0,,,,0,,,,,0,,,,0,,,,0,,,,0,,,,,0,,,,0,,,,0,,,,0,,,,,0,,,,0,,,,0,,,,0,,,,,0,,,,0,,,,0,,,,0,,,,,0,,,,0,,,,0,,,,0,,,,,0,,,,0,,,,0,,,,0,,,,,0,,,,0,,,,0,,,,0,,,,,0,,,,0,,,,0,,,,0,,,,,0,,,,0,,,,0,,,,0,,,,,0,,,,0,,,,0,,,,0,,,,,0,,,,0,,,,0,,,,0,,,,,0,,,,0,,,,0,,,,0,,,,,0,,,,0,,,,0,,,,0,,,,,0,,,,0,,,,0,,,,0,,,,,0,,,,0,,,,0,,,,0,,,,,0,,,,0,,,,0,,,,0,,,,,0,,,,0,,,,0,,,,0,,,,,0,,,,,,,
Advanced Economies,110,"Fund Accounts, Outstanding Loans, SDRs",HPL_XDR,Value,,,,,,,,,,,,,,,,,,,,,,,,,,,,,,,,,,,,,,,,,,,,,,,,,,,,,,,,,,,,,,,,,,,,,,,,,,,,,,,,,,,,,,,,,,,,,,,,,,,,,,,,,,,,,,,,,,,,,,,,,,,,,,,,,,,,,,,,,,,,,,,,,,,,,,,,,,,,,,,,,,,,,,,,,,,,,,,,,,,,,,,,,,,,0,0,0,,0,0,0,,0,0,0,,0,0,0,,,0,0,0,,0,0,0,,0,0,0,,0,0,0,,,0,0,0,,0,0,0,,0,0,0,,0,0,0,,,0,0,0,,0,0,0,,0,0,0,,0,0,0,,,0,0,0,,0,0,0,,0,0,0,,0,0,0,,,0,0,0,,0,0,0,,0,0,0,,0,0,0,,,0,0,0,,0,0,0,,0,0,0,,0,0,0,,,0,0,0,,0,0,0,,0,0,0,,0,0,0,,,0,0,0,,0,0,0,,0,0,0,,0,0,0,,,0,0,0,,0,0,0,,0,0,0,,0,0,0,,,0,0,0,,0,0,0,,0,0,0,,0,0,0,,,0,0,0,,0,0,0,,0,0,0,,0,0,0,,,0,0,0,,0,0,0,,0,0,0,,0,0,0,,,0,0,0,,0,0,0,,0,0,0,,0,0,0,,,0,0,0,,0,0,0,,0,0,0,,0,0,0,,,0,0,0,,0,0,0,,0,0,0,,0,0,0,,,0,0,0,,0,0,0,,0,0,0,,0,0,0,,,0,0,0,,0,0,0,,0,0,0,,0,0,0,,,0,0,0,,0,0,0,,0,0,0,,0,0,0,,,0,0,0,,0,0,0,,0,0,0,,0,0,0,,,0,0,0,,0,0,0,,0,0,0,,0,0,0,,,0,0,0,,0,0,0,,0,0,0,,0,0,0,,,0,0,0,,0,0,0,,0,0,0,,0,0,0,,,0,0,0,,0,0,0,,0,0,0,,0,0,0,,,0,0,0,,0,0,0,,0,0,0,,0,0,0,,,0,0,0,,0,0,0,,0,0,0,,0,0,0,,,0,0,0,,0,0,0,,0,0,0,,0,0,0,,,0,0,0,,0,0,0,,0,0,0,,0,0,0,,,0,0,0,,0,0,0,,0,0,0,,0,0,0,,,0,0,0,,0,0,0,,0,0,0,,0,0,6380000,,,8100000,8100000,8100000,,8100000,8100000,8100000,,8100000,8100000,8100000,,8100000,8100000,8100000,,,22100000,22100000,22100000,,22100000,43070000,43070000,,43070000,43070000,43070000,,43070000,43070000,43070000,,,43070000,43070000,43070000,,43070000,43070000,43070000,,43070000,43070000,43070000,,43070000,43070000,43070000,,,36950000,36570000,36170000,,42560000,42560000,42560000,,42050000,36560000,36560000,,36560000,32920000,32920000,,,42820000,42820000,42820000,,42830000,40320000,40320000,,40320000,40320000,40320000,,37980000,37980000,37980000,,,37980000,37950000,37550000,,34220000,33730000,33330000,,32350000,40340000,39940000,,36620000,36120000,30600000,,,30490000,29990000,29590000,,26270000,25770000,25370000,,24390000,23890000,23500000,,22510000,22010000,21620000,,,20630000,20130000,20130000,,18010000,17520000,17520000,,15400000,14910000,14910000,,12790000,12300000,12300000,,,10180000,9680000,9680000,,8450000,7950000,7950000,,6710000,6710000,6710000,,5470000,5470000,5470000,,,4240000,4240000,4240000,,4240000,4240000,4240000,,4240000,4240000,4240000,,4240000,3170000,3170000,,,3170000,2110000,2110000,,2110000,1050000,1050000,,1050000,0,0,,0,0,0,,,0,0,0,,0,0,0,,0,0,0,,0,0,0,,,0,0,0,,0,0,0,,0,0,0,,0,0,0,,,0,0,0,,0,0,0,,0,0,0,,0,0,0,,,0,0,0,,0,0,0,,0,0,0,,0,0,0,,,0,0,0,,0,0,0,,0,0,0,,0,0,0,,,0,0,0,,0,0,0,,0,0,0,,0,0,0,,,0,0,0,,0,0,0,,0,0,0,,0,0,0,,,0,0,0,,0,0,0,,0,0,0,,0,0,0,,,0,0,0,,0,0,0,,0,0,0,,0,0,0,,,0,0,0,,0,0,0,,0,0,0,,0,0,0,,,0,0,0,,0,0,0,,0,0,0,,0,0,0,,,0,0,0,,0,0,0,,0,0,0,,0,0,0,,,0,0,0,,0,0,0,,0,0,0,,0,0,0,,,0,0,0,,0,0,0,,0,0,0,,0,0,0,,,0,0,0,,0,0,0,,0,0,0,,0,0,0,,,0,0,0,,0,0,0,,0,0,0,,0,0,0,,,0,0,0,,0,0,0,,0,0,0,,0,0,0,,,0,0,0,,0,0,0,,0,0,0,,0,0,0,,,0,0,0,,0,0,0,,0,0,0,,0,0,0,,,0,0,0,,0,0,0,,0,0,0,,0,0,0,,,0,0,0,,0,0,0,,0,0,0,,0,0,0,,,0,0,0,,0,0,0,,0,0,0,,0,0,0,,,0,0,0,,0,0,0,,0,0,0,,0,0,0,,,0,0,0,,0,0,0,,0,0,0,,0,0,0,,,0,0,0,,0,0,0,,0,0,0,,0,0,0,,,0,0,0,,0,0,0,,0,0,0,,0,0,0,,,0,0,0,,0,0,0,,0,0,0,,0,0,0,,,0,0,0,,0,0,0,,0,0,0,,0,0,0,,,0,0,0,,0,0,0,,0,0,0,,0,0,0,,,0,0,0,,0,0,0,,0,0,0,,0,0,0,,,0,0,0,,0,0,0,,0,0,0,,0,0,0,,,0,0,0,,0,0,0,,0,0,0,,0,0,0,,,0,0,0,,0,0,0,,0,0,0,,0,0,0,,,0,0,0,,0,0,0,,0,0,0,,0,0,0,,,0,0,0,,0,0,0,,0,0,0,,0,0,0,,,0,0,0,,0,,
Angola,614,"Fund Accounts, SDR Holdings as % of Allocation, Percent per annum",HPHSPA_PA,Value,,,,,,,,,,,,,,,,,,,,,,,,,,,,,,,,,,,,,,,,,,,,,,,,,,,,,,,,,,,,,,,,,,,,,,,,,,,,,,,,,,,,,,,,,,,,,,,,,,,,,,,,,,,,,,,,,,,,,,,,,,,,,,,,,,,,,,,,,,,,,,,,,,,,,,,,,,,,,,,,,,,,,,,,,,,,,,,,,,,,,,,,,,,,,,,,,,,,,,,,,,,,,,,,,,,,,,,,,,,,,,,,,,,,,,,,,,,,,,,,,,,,,,,,,,,,,,,,,,,,,,,,,,,,,,,,,,,,,,,,,,,,,,,,,,,,,,,,,,,,,,,,,,,,,,,,,,,,,,,,,,,,,,,,,,,,,,,,,,,,,,,,,,,,,,,,,,,,,,,,,,,,,,,,,,,,,,,,,,,,,,,,,,,,,,,,,,,,,,,,,,,,,,,,,,,,,,,,,,,,,,,,,,,,,,,,,,,,,,,,,,,,,,,,,,,,,,,,,,,,,,,,,,,,,,,,,,,,,,,,,,,,,,,,,,,,,,,,,,,,,,,,,,,,,,,,,,,,,,,,,,,,,,,,,,,,,,,,,,,,,,,,,,,,,,,,,,,,,,,,,,,,,,,,,,,,,,,,,,,,,,,,,,,,,,,,,,,,,,,,,,,,,,,,,,,,,,,,,,,,,,,,,,,,,,,,,,,,,,,,,,,,,,,,,,,,,,,,,,,,,,,,,,,,,,,,,,,,,,,,,,,,,,,,,,,,,,,,,,,,,,,,,,,,,,,,,,,,,,,,,,,,,,,,,,,,,,,,,,,,,,,,,,,,,,,,,,,,,,,,,,,,,,,,,,,,,,,,,,,,,,,,,,,,,,,,,,,,,,,,,,,,,,,,,,,,,,,,,,,,,,,,,,,,,,,,,,,,,,,,,,,,,,,,,,,,,,,,,,,,,,,,,,,,,,,,,,,,,,,,,,,,,,,,,,,,,,,,,,,,,,,,,,,,,,,,,,,,,,,,,,,,,,,,,,,,,,,,,,,,,,,,,,,,,,,,,,,,,,,,,,,,,,,,,,,,,,,,,,,,,,,,,,,,,,,,,,,,,,,,,,,,,,,,,,,,,,,,,,,,,,,,,,,,,,,,,,,,,,,,,,,,,,,,,,,,,,,,,,,,,,,,,,,,,,,,,,,,,,,,,,,,,,,,,,,,,,,,,,,,,,,,,,,,,,,,,,,,,,,,,,,,,,,,,,,,,,,,,,,,,,,,,,,,,,,,,,,,,,,,,,,,,,,,,,,,,,,,,,,,,,,,,,,,,,,,,,,,,,,,,,,,,,,,,,,,,,,,,,,,,,,,,,,,,,,,,,,,,,,,,,,,,,,,,,,,,,,,,,,,,,,,,,,,,,,,,,99.45325867,,,,,,,,,,,,,,,,,97.54649254,,,,,,,,,,,,,,,,,93.78820543,,,,,,,,,,,,,,,,,90.55633173,,,,,,,,,,,,,,,,,87.24604035,,,,,,,,,,,,,,,,,84.86437092,,,,,,,,,,,,,,,,,83.78064838,,,,,,,,,,,,,,,,,83.56168314,,,,,,,,,,,,,,,,,83.59861237,,,,,,,,,,,,,,,,,82.14926183,,,,,,,,,,,,,,,,,76.30379525,,,,,,,,,,,,,,,,,68.54872967,,,,,,,,,,,,,,,,,,,,,,,,,
Angola,614,"Fund Accounts, SDR Holdings as % of Allocation, Percent per annum",HPHSPA_PA,Value,,,,,,,,,,,,,,,,,,,,,,,,,,,,,,,,,,,,,,,,,,,,,,,,,,,,,,,,,,,,,,,,,,,,,,,,,,,,,,,,,,,,,,,,,,,,,,,,,,,,,,,,,,,,,,,,,,,,,,,,,,,,,,,,,,,,,,,,,,,,,,,,,,,,,,,,,,,,,,,,,,,,,,,,,,,,,,,,,,,,,,,,,,,,,,,,,,,,,,,,,,,,,,,,,,,,,,,,,,,,,,,,,,,,,,,,,,,,,,,,,,,,,,,,,,,,,,,,,,,,,,,,,,,,,,,,,,,,,,,,,,,,,,,,,,,,,,,,,,,,,,,,,,,,,,,,,,,,,,,,,,,,,,,,,,,,,,,,,,,,,,,,,,,,,,,,,,,,,,,,,,,,,,,,,,,,,,,,,,,,,,,,,,,,,,,,,,,,,,,,,,,,,,,,,,,,,,,,,,,,,,,,,,,,,,,,,,,,,,,,,,,,,,,,,,,,,,,,,,,,,,,,,,,,,,,,,,,,,,,,,,,,,,,,,,,,,,,,,,,,,,,,,,,,,,,,,,,,,,,,,,,,,,,,,,,,,,,,,,,,,,,,,,,,,,,,,,,,,,,,,,,,,,,,,,,,,,,,,,,,,,,,,,,,,,,,,,,,,,,,,,,,,,,,,,,,,,,,,,,,,,,,,,,,,,,,,,,,,,,,,,,,,,,,,,,,,,,,,,,,,,,,,,,,,,,,,,,,,,,,,,,,,,,,,,,,,,,,,,,,,,,,,,,,,,,,,,,,,,,,,,,,,,,,,,,,,,,,,,,,,,,,,,,,,,,,,,,,,,,,,,,,,,,,,,,,,,,,,,,,,,,,,,,,,,,,,,,,,,,,,,,,,,,,,,,,,,,,,,,,,,,,,,,,,,,,,,,,,,,,,,,,,,,,,,,,,,,,,,,,,,,,,,,,,,,,,,,,,,,,,,,,,,,,,,,,,,,,,,,,,,,,,,,,,,,,,,,,,,,,,,,,,,,,,,,,,,,,,,,,,,,,,,,,,,,,,,,,,,,,,,,,,,,,,,,,,,,,,,,,,,,,,,,,,,,,,,,,,,,,,,,,,,,,,,,,,,,,,,,,,,,,,,,,,,,,,,,,,,,,,,,,,,,,,,,,,,,,,,,,,,,,,,,,,,,,,,,,,,,,,,,,,,,,,,,,,,,,,,,,,,,,,,,,,,,,,,,,,,,,,,,,,,,,,,,,,,,,,,,,,,,,,,,,,,,,,,,,,,,,,,,,,,,,,,,,,,,,,,,,,,,,,,,,,,,,,,,,,,,,,,,,,,,,,,,,,,,,,,,,,,,,,,,,,,,,,,,,,,,,,,,,,,,,,,,,,,,,,,,,,,,,,,,,,,,,,,,,,,,,,,,100.0614545,,,,99.45325867,,,,,99.2734823,,,,98.87012178,,,,98.18958028,,,,97.54649254,,,,,96.66802726,,,,95.76970546,,,,94.77432739,,,,93.78820543,,,,,92.82941192,,,,91.98830223,,,,91.10274376,,,,90.55633173,,,,,89.63107964,,,,88.81421461,,,,88.0117385,,,,87.24604035,,,,,86.50384475,,,,85.8583135,,,,85.29289877,,,,84.86437092,,,,,84.49002304,,,,84.18215657,,,,83.94975952,,,,83.78064838,,,,,83.71882286,,,,83.63515774,,,,83.57747751,,,,83.56168314,,,,,83.53238919,,,,83.53982266,,,,83.56936824,,,,83.59861237,,,,,83.63692508,,,,83.67709744,,,,83.72625633,,,,82.14926183,,,,,81.4124309,,,,79.88967792,,,,78.39575626,,,,76.30379525,,,,,74.70170778,,,,73.42323499,,,,71.36918927,,,,68.54872967,,,,,65.35921543,,,,,,,
Angola,614,"Fund Accounts, SDR Holdings as % of Allocation, Percent per annum",HPHSPA_PA,Value,,,,,,,,,,,,,,,,,,,,,,,,,,,,,,,,,,,,,,,,,,,,,,,,,,,,,,,,,,,,,,,,,,,,,,,,,,,,,,,,,,,,,,,,,,,,,,,,,,,,,,,,,,,,,,,,,,,,,,,,,,,,,,,,,,,,,,,,,,,,,,,,,,,,,,,,,,,,,,,,,,,,,,,,,,,,,,,,,,,,,,,,,,,,,,,,,,,,,,,,,,,,,,,,,,,,,,,,,,,,,,,,,,,,,,,,,,,,,,,,,,,,,,,,,,,,,,,,,,,,,,,,,,,,,,,,,,,,,,,,,,,,,,,,,,,,,,,,,,,,,,,,,,,,,,,,,,,,,,,,,,,,,,,,,,,,,,,,,,,,,,,,,,,,,,,,,,,,,,,,,,,,,,,,,,,,,,,,,,,,,,,,,,,,,,,,,,,,,,,,,,,,,,,,,,,,,,,,,,,,,,,,,,,,,,,,,,,,,,,,,,,,,,,,,,,,,,,,,,,,,,,,,,,,,,,,,,,,,,,,,,,,,,,,,,,,,,,,,,,,,,,,,,,,,,,,,,,,,,,,,,,,,,,,,,,,,,,,,,,,,,,,,,,,,,,,,,,,,,,,,,,,,,,,,,,,,,,,,,,,,,,,,,,,,,,,,,,,,,,,,,,,,,,,,,,,,,,,,,,,,,,,,,,,,,,,,,,,,,,,,,,,,,,,,,,,,,,,,,,,,,,,,,,,,,,,,,,,,,,,,,,,,,,,,,,,,,,,,,,,,,,,,,,,,,,,,,,,,,,,,,,,,,,,,,,,,,,,,,,,,,,,,,,,,,,,,,,,,,,,,,,,,,,,,,,,,,,,,,,,,,,,,,,,,,,,,,,,,,,,,,,,,,,,,,,,,,,,,,,,,,,,,,,,,,,,,,,,,,,,,,,,,,,,,,,,,,,,,,,,,,,,,,,,,,,,,,,,,,,,,,,,,,,,,,,,,,,,,,,,,,,,,,,,,,,,,,,,,,,,,,,,,,,,,,,,,,,,,,,,,,,,,,,,,,,,,,,,,,,,,,,,,,,,,,,,,,,,,,,,,,,,,,,,,,,,,,,,,,,,,,,,,,,,,,,,,,,,,,,,,,,,,,,,,,,,,,,,,,,,,,,,,,,,,,,,,,,,,,,,,,,,,,,,,,,,,,,,,,,,,,,,,,,,,,,,,,,,,,,,,,,,,,,,,,,,,,,,,,,,,,,,,,,,,,,,,,,,,,,,,,,,,,,,,,,,,,,,,,,,,,,,,,,,,,,,,,,,,,,,,,,,,,,,,,,,,,,,,,,,,,,,,,,,,,,,,,,,,,,,,,,,,,,,,,,,,,,,,,,,,,,,,,,,,,,,,,,,,,,,,,,,,,,,,,,,,,,,,,,,,,,,,100.0790513,100.0614545,,100.0614545,99.45325867,99.45325867,,,99.45325867,99.2734823,99.2734823,,99.27266657,98.87012178,98.87012178,,98.87012178,98.48321203,98.18958028,,98.18958028,97.54649254,97.54649254,,,97.39967667,96.66802726,96.66802726,,96.66668664,95.76970546,95.76970546,,95.76970546,94.77432739,94.77432739,,94.77432739,93.78820543,93.78820543,,,93.78820543,92.97008183,92.82941192,,92.82824529,91.98830223,91.98830223,,91.98830223,91.10274376,91.10274376,,91.41102963,90.55633173,90.55633173,,,90.55633173,89.70247409,89.63107964,,89.63051666,88.81421461,88.81421461,,88.81421461,88.0117385,88.0117385,,88.0117385,87.24604035,87.24604035,,,87.24604035,86.50384475,86.50384475,,86.50317188,85.85419312,85.8583135,,85.8583135,85.29289877,85.29289877,,85.29289877,84.8338521,84.86437092,,,84.86437092,84.49002304,84.49002304,,84.4883165,84.18215657,84.18215657,,84.18215657,83.94975952,83.94975952,,83.94975952,83.78064838,83.78064838,,,83.78064838,83.71882286,83.71882286,,83.71532151,83.63515774,83.63515774,,83.63515774,83.57747751,83.57747751,,83.59935228,83.56168314,83.56168314,,,83.54284198,83.53238919,83.53238919,,83.52942628,83.53982266,83.53982266,,83.53982266,83.56936824,83.56936824,,83.56936824,83.59861237,83.59861237,,,83.59861237,83.63692508,83.63692508,,83.63526799,83.67709744,83.67709744,,83.67709744,83.72625633,83.72625633,,83.72625633,83.77735251,82.14926183,,,82.14926183,81.4124309,81.4124309,,81.41086941,80.09559522,79.88967792,,79.88967792,78.39575626,78.39575626,,78.39575626,76.86887813,76.30379525,,,76.30379525,74.70170778,74.70170778,,74.70037925,73.42323499,73.42323499,,73.42323499,72.36746615,71.36918927,,71.36918927,69.62907209,68.54872967,,,68.13825912,65.35921543,65.35921543,,65.35753672,,
